OBJECTID,Geo_UID,Grid_Num,longitude,latitude,Baseline,F_2050,F_2080,Shape_Length,Shape_Area,Mid_Cent,Late_Cent,Shape__Area,Shape__Length
1,32.75-118.4375,17562,-118.4375,32.75,2.9133,-1.34,-1.97,0.1104172,0.0003124653,1.573,0.943,4606829.55859375,12910.0613097971
2,32.8125-118.375,17742,-118.375,32.8125,4.2058,-1.87,-2.67,0.1217723,0.000580457,2.336,1.536,8559596.7578125,14604.0186867113
3,32.8125-118.4375,17563,-118.4375,32.8125,19.155,-6.92,-10.6,0.2258231,0.003189656,12.235,8.555,47044130.8945313,27497.1928258196
4,32.8125-118.5,17384,-118.5,32.8125,12.5058,-4.22,-6.74,0.2184127,0.002354185,8.286,5.766,34726946.40625,26584.1682979099
5,32.8125-118.5625,17205,-118.5625,32.8125,2.8242,-1.05,-1.66,0.005117934,9.255045e-07,1.774,1.164,13655.55859375,598.439163624684
6,32.875-118.4375,17564,-118.4375,32.875,13.3308,-3.97,-7.32,0.06397223,0.000172023,9.361,6.011,2538318.6484375,7690.02677388388
7,32.875-118.5,17385,-118.5,32.875,15.0442,-4.55,-7.58,0.2204901,0.002530097,10.494,7.464,37340500.0507813,26877.3513845406
8,32.875-118.5625,17206,-118.5625,32.875,9.0692,-4.79,-6.29,0.1870639,0.00160617,4.279,2.779,23709166.6875,23302.9966547297
9,32.9375-118.5625,17207,-118.5625,32.9375,7.4817,-3.63,-4.56,0.2101126,0.002323097,3.852,2.922,34311651.8710938,25731.465079116
10,32.9375-118.625,17028,-118.625,32.9375,1.1017,-0.64,-0.79,0.08972982,0.0002280637,0.462,0.312,3369335.52734375,11480.2185563958
11,33-118.5625,17208,-118.5625,33,0,0,0,0.07209437,0.000221019,0,0,3266075.23046875,9092.60250858479
12,33-118.625,17029,-118.625,33,1.6,-1.13,-1.38,0.132171,0.0007145655,0.47,0.22,10560025.15625,16067.1852219784
13,33.25-118.3125,17928,-118.3125,33.25,3.645,0.92,0.19,0.0302322,4.339209e-05,4.565,3.835,643423.4296875,3672.67035695674
14,33.25-118.375,17749,-118.375,33.25,8.1875,0.76,0.5,0.09981897,0.0003782503,8.948,8.688,5608586.2265625,11618.1409662626
15,33.3125-118.3125,17929,-118.3125,33.3125,4.205,1.14,0.25,0.06407242,0.0001481834,5.345,4.455,2197597.71875,8178.15714344816
16,33.3125-118.375,17750,-118.375,33.3125,15.7617,1.43,0.03,0.2435034,0.00305933,17.192,15.792,45379946.0546875,29762.2835704765
17,33.3125-118.4375,17571,-118.4375,33.3125,18.3133,1.89,1.11,0.2450013,0.003451026,20.203,19.423,51194475.3789063,29991.9605969692
18,33.3125-118.5,17392,-118.5,33.3125,15.7983,0.39,-0.85,0.2347594,0.002217214,16.188,14.948,32892653.5820313,28661.3281983436
19,33.375-118.375,17751,-118.375,33.375,7.4058,1.01,0.18,0.1263551,0.0003425695,8.416,7.586,5084240.38671875,15632.7354924382
20,33.375-118.4375,17572,-118.4375,33.375,16.015,1.73,1.83,0.2406114,0.00282728,17.745,17.845,41965908.28125,29425.7488878335
21,33.375-118.5,17393,-118.5,33.375,17.6558,3.24,1.92,0.2923509,0.002954842,20.896,19.576,43864393.9453125,35430.7545781406
22,33.375-118.5625,17214,-118.5625,33.375,5.6342,0.92,0.23,0.2312744,0.0004092154,6.554,5.864,6076487.015625,27648.9227788937
23,33.375-118.625,17035,-118.625,33.375,2.1758,0.24,0.56,0.01368637,5.200557e-06,2.416,2.736,77226.41015625,1681.40739884671
24,33.4375-118.5,17394,-118.5,33.4375,6.2358,0.67,0.5,0.1278703,0.0002337455,6.906,6.736,3471260.47265625,15160.5251838158
25,33.4375-118.5625,17215,-118.5625,33.4375,7.3092,0.33,0.1,0.2334279,0.001813175,7.639,7.409,26930361.421875,28147.9244117928
26,33.4375-118.625,17036,-118.625,33.4375,2.6192,0.49,0.34,0.2021801,0.0008668236,3.109,2.959,12875778.5039063,24806.6944951692
27,33.6875-118.125,18472,-118.125,33.6875,6.5358,-2.43,-2.37,0.04813888,3.397725e-05,4.106,4.166,506377.13671875,5828.51616882981
28,33.6875-118.1875,18293,-118.1875,33.6875,0,0,0,0.05241305,2.556323e-05,0,0,380946.9765625,6472.32142246431
29,33.6875-118.25,18114,-118.25,33.6875,0,0,0,0.3355203,0.0004126415,0,0,6149174.98828125,40519.2049151246
30,33.6875-118.3125,17935,-118.3125,33.6875,0,0,0,0.4599186,0.001902446,0,0,28347557.0507813,56315.6677653077
31,33.6875-118.375,17756,-118.375,33.6875,0,0,0,0.1901327,0.001460774,0,0,21767747.2695313,22769.9345223928
32,33.6875-118.4375,17577,-118.4375,33.6875,0,0,0,0.1041966,0.0003702898,0,0,5518393.98828125,12285.5716684133
33,33.75-118.125,18473,-118.125,33.75,0.9317,-0.43,-0.4,0.3432862,0.002015336,0.502,0.532,30048512.9609375,41933.4351674877
34,33.75-118.1875,18294,-118.1875,33.75,0,0,0,0.3276723,0.003340212,0,0,49802206.15625,39913.2901646328
35,33.75-118.25,18115,-118.25,33.75,0,0,0,0.5665026,0.003487586,0,0,51998258.03125,68664.9277995871
36,33.75-118.3125,17936,-118.3125,33.75,0,0,0,0.4202926,0.003698793,0,0,55146351.0273438,51543.564894823
37,33.75-118.375,17757,-118.375,33.75,0,0,0,0.25,0.00390625,0,0,58238768.625,30656.2962341906
38,33.75-118.4375,17578,-118.4375,33.75,0,0,0,0.2208237,0.002388817,0,0,35613695.1796875,27123.3496449608
39,33.8125-118.0625,18653,-118.0625,33.8125,0,0,0,0.1862627,0.0006974043,0,0,10407669.484375,22653.5625547018
40,33.8125-118.125,18474,-118.125,33.8125,0,0,0,0.2447537,0.003842222,0,0,57326425.8320313,30015.1336188908
41,33.8125-118.1875,18295,-118.1875,33.8125,0,0,0,0.25,0.00390625,0,0,58281229.2539063,30668.5064197014
42,33.8125-118.25,18116,-118.25,33.8125,0,0,0,0.25,0.00390625,0,0,58281028.4648438,30668.4486609281
43,33.8125-118.3125,17937,-118.3125,33.8125,0,0,0,0.25,0.00390625,0,0,58281341.3945313,30668.5235667553
44,33.8125-118.375,17758,-118.375,33.8125,0,0,0,0.25,0.00390625,0,0,58281550.9726563,30668.5838136557
45,33.8125-118.4375,17579,-118.4375,33.8125,0,0,0,0.2143429,0.001342578,0,0,20032525.0078125,26922.0069125235
46,33.875-118,18833,-118,33.875,0,0,0,0.1455868,0.0009636723,0,0,14390401.3828125,18455.2145562461
47,33.875-118.0625,18654,-118.0625,33.875,0,0,0,0.2500958,0.003818576,0,0,57015510.5078125,30690.0026411115
48,33.875-118.125,18475,-118.125,33.875,0,0,0,0.25,0.00390625,0,0,58323960.1835938,30680.7980577184
49,33.875-118.1875,18296,-118.1875,33.875,0,0,0,0.25,0.00390625,0,0,58323758.2539063,30680.740013086
50,33.875-118.25,18117,-118.25,33.875,0,0,0,0.25,0.00390625,0,0,58323557.1679688,30680.6821687207
51,33.875-118.3125,17938,-118.3125,33.875,0,0,0,0.25,0.00390625,0,0,58324256.296875,30680.8491608042
52,33.875-118.375,17759,-118.375,33.875,0,0,0,0.25,0.00390625,0,0,58324466.1835938,30680.9094969092
53,33.875-118.4375,17580,-118.4375,33.875,0,0,0,0.2303032,0.003070567,0,0,45848796.3945313,28373.465087291
54,33.875-118.5,17401,-118.5,33.875,0,0,0,0.01494987,7.834115e-06,0,0,117012.74609375,1919.53927618973
55,33.9375-117.8125,19371,-117.8125,33.9375,20.5842,-10.45,-9.98,0.178982,0.0009397133,10.134,10.604,14041870.4257813,22239.5512410493
56,33.9375-117.875,19192,-117.875,33.9375,10.6317,-4.81,-5.04,0.2324961,0.003336313,5.822,5.592,49853974.3789063,28345.5508389396
57,33.9375-117.9375,19013,-117.9375,33.9375,4.7392,-1.37,-1.86,0.2353105,0.003364997,3.369,2.879,50282479.3984375,28723.7616151021
58,33.9375-118,18834,-118,33.9375,2.2708,-0.72,-0.98,0.2499593,0.003571907,1.551,1.291,53373171.2109375,30688.0304470164
59,33.9375-118.0625,18655,-118.0625,33.9375,0.6983,-0.18,-0.27,0.25,0.00390625,0.518,0.428,58366821.8789063,30693.1273581961
60,33.9375-118.125,18476,-118.125,33.9375,0,0,0,0.25,0.00390625,0,0,58366619.6601563,30693.069228237
61,33.9375-118.1875,18297,-118.1875,33.9375,0,0,0,0.25,0.00390625,0,0,58366417.4375,30693.0110987736
62,33.9375-118.25,18118,-118.25,33.9375,0,0,0,0.25,0.00390625,0,0,58366216.0507813,30692.9531699949
63,33.9375-118.3125,17939,-118.3125,33.9375,0,0,0,0.25,0.00390625,0,0,58367301.9453125,30693.2122473341
64,33.9375-118.375,17760,-118.375,33.9375,0,0,0,0.25,0.00390625,0,0,58367512.1484375,30693.2726726913
65,33.9375-118.4375,17581,-118.4375,33.9375,0,0,0,0.25,0.00390625,0,0,58367722.359375,30693.333099158
66,33.9375-118.5,17402,-118.5,33.9375,0,0,0,0.354188,0.001381598,0,0,20646672.2695313,42931.824488138
67,34-117.75,19551,-117.75,34,0,0,0,0.1370481,0.00105434,0,0,15767876.84375,17170.1116513171
68,34-117.8125,19372,-117.8125,34,5.3167,-2.03,-2.16,0.2511577,0.003425944,3.287,3.157,51230710.2578125,30898.8337165019
69,34-117.875,19193,-117.875,34,6.3917,-2.69,-2.86,0.25,0.00390625,3.702,3.532,58410886.828125,30705.7705507473
70,34-117.9375,19014,-117.9375,34,0,0,0,0.25,0.00390625,0,0,58410794.8554688,30705.7441143031
71,34-118,18835,-118,34,0.8258,-0.04,-0.35,0.25,0.00390625,0.786,0.476,58410702.890625,30705.7176773812
72,34-118.0625,18656,-118.0625,34,3.1158,0.08,-1.09,0.25,0.00390625,3.196,2.026,58410235.9609375,30705.607068472
73,34-118.125,18477,-118.125,34,0,0,0,0.25,0.00390625,0,0,58410353.2304688,30705.6407810617
74,34-118.1875,18298,-118.1875,34,0,0,0,0.25,0.00390625,0,0,58410470.5078125,30705.6744915736
75,34-118.25,18119,-118.25,34,0,0,0,0.25,0.00390625,0,0,58410588.609375,30705.7084001586
76,34-118.3125,17940,-118.3125,34,0,0,0,0.25,0.00390625,0,0,58411649.6796875,30705.9601576262
77,34-118.375,17761,-118.375,34,0,0,0,0.25,0.00390625,0,0,58411490.9453125,30705.9145260829
78,34-118.4375,17582,-118.4375,34,0,0,0,0.25,0.00390625,0,0,58411332.1796875,30705.8688880596
79,34-118.5,17403,-118.5,34,0,0,0,0.2435789,0.003840789,0,0,57432638.96875,29920.2835024968
80,34-118.5625,17224,-118.5625,34,0,0,0,0.2087684,0.002018441,0,0,30186662.484375,25374.2375915617
81,34-118.625,17045,-118.625,34,16.1225,5.51,5.33,0.1746434,0.001472051,21.633,21.453,22016613.0742188,20642.122610345
82,34-118.6875,16866,-118.6875,34,18.1742,7.93,10.05,0.1852776,0.001600148,26.104,28.224,23932186.1289063,22078.9987338322
83,34-118.75,16687,-118.75,34,23.6433,9.28,10.36,0.1891617,0.001916669,32.923,34.003,28665340.5039063,22567.8364763031
84,34-118.8125,16508,-118.8125,34,31.6575,3.06,6.14,0.2304397,0.002796514,34.718,37.798,41820183.375,28265.7075465848
85,34-118.875,16329,-118.875,34,26.5925,5.38,7.13,0.2170347,0.002241508,31.973,33.723,33522046.4335938,26492.6206156487
86,34-118.9375,16150,-118.9375,34,15.7608,3.78,4.74,0.1724408,0.001307578,19.541,20.501,19556955.3476563,20345.6962733442
87,34-119,15971,-119,34,11.3942,3.21,3.08,0.04922768,0.0001108585,14.604,14.474,1658090.6171875,6336.10956473594
88,34.0625-117.75,19552,-117.75,34.0625,6.93,0.13,-0.01,0.2197421,0.002799309,7.06,6.92,41890842.5664063,27255.3603052614
89,34.0625-117.8125,19373,-117.8125,34.0625,7.07,0.62,0.25,0.25,0.00390625,7.69,7.32,58454127.2539063,30718.1977853872
90,34.0625-117.875,19194,-117.875,34.0625,5.9358,-0.26,-0.81,0.25,0.00390625,5.676,5.126,58454034.3125,30718.1711111936
91,34.0625-117.9375,19015,-117.9375,34.0625,0,0,0,0.25,0.00390625,0,0,58453942.21875,30718.1446354769
92,34.0625-118,18836,-118,34.0625,0,0,0,0.25,0.00390625,0,0,58453850.1015625,30718.1181597096
93,34.0625-118.0625,18657,-118.0625,34.0625,0,0,0,0.25,0.00390625,0,0,58453505.9023438,30718.0368502598
94,34.0625-118.125,18478,-118.125,34.0625,0,0,0,0.25,0.00390625,0,0,58453623.359375,30718.0706155549
95,34.0625-118.1875,18299,-118.1875,34.0625,0,0,0,0.25,0.00390625,0,0,58453740.8203125,30718.1043810982
96,34.0625-118.25,18120,-118.25,34.0625,0,0,0,0.25,0.00390625,0,0,58453859.1210938,30718.1383479873
97,34.0625-118.3125,17941,-118.3125,34.0625,0,0,0,0.25,0.00390625,0,0,58454532.3242188,30718.2975785529
98,34.0625-118.375,17762,-118.375,34.0625,0,0,0,0.25,0.00390625,0,0,58454373.296875,30718.2518666914
99,34.0625-118.4375,17583,-118.4375,34.0625,1.705,-1.15,-1.27,0.25,0.00390625,0.555,0.435,58454214.2734375,30718.2061543439
100,34.0625-118.5,17404,-118.5,34.0625,0,0,0,0.25,0.00390625,0,0,58454055.21875,30718.1604366039
101,34.0625-118.5625,17225,-118.5625,34.0625,0,0,0,0.25,0.00390625,0,0,58453226.9414063,30717.9602362281
102,34.0625-118.625,17046,-118.625,34.0625,16.4058,3.7,4.33,0.25,0.00390625,20.106,20.736,58453263.4414063,30717.9707298226
103,34.0625-118.6875,16867,-118.6875,34.0625,23.2375,3.96,4.73,0.25,0.00390625,27.198,27.968,58453299.9414063,30717.9812233988
104,34.0625-118.75,16688,-118.75,34.0625,27.37,2.9,3.92,0.25,0.00390625,30.27,31.29,58453337.2851563,30717.9919167227
105,34.0625-118.8125,16509,-118.8125,34.0625,33.5158,0.97,3.25,0.25,0.00390625,34.486,36.766,58453331.8632813,30717.9906697857
106,34.0625-118.875,16330,-118.875,34.0625,27.1233,2.96,4.4,0.2431056,0.0038311,30.083,31.523,57328380.03125,29852.784360683
107,34.0625-118.9375,16151,-118.9375,34.0625,29.0992,4.97,6.19,0.2032258,0.002105601,34.069,35.289,31503604.5859375,24676.3660766877
108,34.0625-119,15972,-119,34.0625,26.6692,8.89,9.1,0.03600689,5.611673e-05,35.559,35.769,839485.41015625,4652.55802383211
109,34.125-117.6875,19732,-117.6875,34.125,23.1733,5.11,5.75,0.1199861,0.0004143164,28.283,28.923,6205493.6953125,15683.0293922233
110,34.125-117.75,19553,-117.75,34.125,22.9358,5.72,6.76,0.2462318,0.003879447,28.656,29.696,58095650.3203125,30294.324101705
111,34.125-117.8125,19374,-117.8125,34.125,20.1458,3.94,4.14,0.25,0.00390625,24.086,24.286,58497408.2421875,30730.6366997233
112,34.125-117.875,19195,-117.875,34.125,22.34,4,5.49,0.25,0.00390625,26.34,27.83,58497315.1757813,30730.6099881017
113,34.125-117.9375,19016,-117.9375,34.125,23.7183,3.82,3.48,0.25,0.00390625,27.538,27.198,58497222.9296875,30730.583473054
114,34.125-118,18837,-118,34.125,26.7592,1.1,2.74,0.25,0.00390625,27.859,29.499,58497130.6875,30730.5569581236
115,34.125-118.0625,18658,-118.0625,34.125,21.9458,-4.93,-4.44,0.25,0.00390625,17.016,17.506,58496909.390625,30730.504947548
116,34.125-118.125,18479,-118.125,34.125,6.2983,0.81,-0.29,0.25,0.00390625,7.108,6.008,58497027.0234375,30730.5387630089
117,34.125-118.1875,18300,-118.1875,34.125,0,0,0,0.25,0.00390625,0,0,58497144.6601563,30730.5725787136
118,34.125-118.25,18121,-118.25,34.125,0,0,0,0.25,0.00390625,0,0,58497263.1328125,30730.606595921
119,34.125-118.3125,17942,-118.3125,34.125,0,0,0,0.25,0.00390625,0,0,58497547.859375,30730.6732922249
120,34.125-118.375,17763,-118.375,34.125,0,0,0,0.25,0.00390625,0,0,58497388.5898438,30730.6275126508
121,34.125-118.4375,17584,-118.4375,34.125,2.1325,-1.11,-1.31,0.25,0.00390625,1.022,0.822,58497229.3398438,30730.5817334831
122,34.125-118.5,17405,-118.5,34.125,0,0,0,0.25,0.00390625,0,0,58497070.0703125,30730.5359521095
123,34.125-118.5625,17226,-118.5625,34.125,0,0,0,0.25,0.00390625,0,0,58496510.4453125,30730.3997898628
124,34.125-118.625,17047,-118.625,34.125,7.8908,-0.29,-0.78,0.25,0.00390625,7.601,7.111,58496546.9921875,30730.4102989484
125,34.125-118.6875,16868,-118.6875,34.125,16.4942,-2.23,-2.09,0.2502878,0.003535616,14.264,14.404,52944868.6367188,30768.7579730285
126,34.125-118.75,16689,-118.75,34.125,33.8058,-4.33,-3.38,0.211529,0.002703449,29.476,30.426,40479892.828125,25554.4930416684
127,34.125-118.8125,16510,-118.8125,34.125,24.0308,-2.71,-2.28,0.2008702,0.002526924,21.321,21.751,37836172.2382813,24213.2553012347
128,34.125-118.875,16331,-118.875,34.125,30.5075,-4.63,-4.23,0.1305772,0.0006736711,25.878,26.278,10085719.6484375,15575.4632483633
129,34.1875-117.6875,19733,-117.6875,34.1875,38.3725,13.12,15.93,0.1740019,0.001456962,51.493,54.303,21835316.1992188,22245.1478099109
130,34.1875-117.75,19554,-117.75,34.1875,41.05,12.52,16.44,0.25,0.00390625,53.57,57.49,58540183.7382813,30742.9606044944
131,34.1875-117.8125,19375,-117.8125,34.1875,36.77,11.3,12.92,0.25,0.00390625,48.07,49.69,58540822.953125,30743.1140319294
132,34.1875-117.875,19196,-117.875,34.1875,31.9942,7.81,7.19,0.25,0.00390625,39.804,39.184,58540729.7734375,30743.0872871496
133,34.1875-117.9375,19017,-117.9375,34.1875,34.465,7.93,10.81,0.25,0.00390625,42.395,45.275,58540637.4023438,30743.0607358572
134,34.1875-118,18838,-118,34.1875,38.045,13.54,18.65,0.25,0.00390625,51.585,56.695,58540545.0351563,30743.0341839725
135,34.1875-118.0625,18659,-118.0625,34.1875,40.1817,13.61,18.56,0.25,0.00390625,53.792,58.742,58540446.8242188,30743.0114742811
136,34.1875-118.125,18480,-118.125,34.1875,27.3308,8.03,7.48,0.25,0.00390625,35.361,34.811,58540564.6445313,30743.0453408889
137,34.1875-118.1875,18301,-118.1875,34.1875,22.0375,7.43,5.02,0.25,0.00390625,29.468,27.058,58540682.453125,30743.0792079449
138,34.1875-118.25,18122,-118.25,34.1875,23.57,-5.33,-5.73,0.25,0.00390625,18.24,17.84,58540801.1054688,30743.1132746506
139,34.1875-118.3125,17943,-118.3125,34.1875,0,0,0,0.25,0.00390625,0,0,58540696.7578125,30743.0874375827
140,34.1875-118.375,17764,-118.375,34.1875,0,0,0,0.25,0.00390625,0,0,58540537.2734375,30743.04159058
141,34.1875-118.4375,17585,-118.4375,34.1875,0,0,0,0.25,0.00390625,0,0,58540377.78125,30742.9957440777
142,34.1875-118.5,17406,-118.5,34.1875,0,0,0,0.25,0.00390625,0,0,58540218.2890625,30742.9498978635
143,34.1875-118.5625,17227,-118.5625,34.1875,0,0,0,0.25,0.00390625,0,0,58539927.7226563,30742.8777736033
144,34.1875-118.625,17048,-118.625,34.1875,0,0,0,0.25,0.00390625,0,0,58539964.328125,30742.8882984661
145,34.1875-118.6875,16869,-118.6875,34.1875,33.1358,-9.5,-10.02,0.2110135,0.002340315,23.636,23.116,35070909.640625,26401.823592694
146,34.25-117.6875,19734,-117.6875,34.25,37.0358,9.93,9.65,0.1967212,0.002353233,46.966,46.686,35292350.3789063,24799.4269740196
147,34.25-117.75,19555,-117.75,34.25,46.3192,14.67,18.54,0.25,0.00390625,60.989,64.859,58582565.6796875,30755.1438346923
148,34.25-117.8125,19376,-117.8125,34.25,46.0217,16.49,19.43,0.25,0.00390625,62.512,65.452,58583155.3515625,30755.283176654
149,34.25-117.875,19197,-117.875,34.25,44.145,15.38,19.39,0.25,0.00390625,59.525,63.535,58583245.3046875,30755.3090736446
150,34.25-117.9375,19018,-117.9375,34.25,44.7617,16.78,20.35,0.25,0.00390625,61.542,65.112,58583336.0742188,30755.335168407
151,34.25-118,18839,-118,34.25,47.29,18.76,24.84,0.25,0.00390625,66.05,72.13,58583426.8476563,30755.3612632467
152,34.25-118.0625,18660,-118.0625,34.25,44.9633,15.28,20.84,0.25,0.00390625,60.243,65.803,58583477.46875,30755.3776541003
153,34.25-118.125,18481,-118.125,34.25,39.4067,12.31,14.5,0.25,0.00390625,51.717,53.907,58583561.5625,30755.4018275535
154,34.25-118.1875,18302,-118.1875,34.25,36.35,7.75,9.75,0.25,0.00390625,44.1,46.1,58583645.6445313,30755.4260010616
155,34.25-118.25,18123,-118.25,34.25,28.0783,3.03,4.23,0.25,0.00390625,31.108,32.308,58583730.578125,30755.4503733785
156,34.25-118.3125,17944,-118.3125,34.25,23.9208,0.8,2.12,0.25,0.00390625,24.721,26.041,58583483.0234375,30755.3922200483
157,34.25-118.375,17765,-118.375,34.25,23.3967,-1.89,-0.34,0.25,0.00390625,21.507,23.057,58583424.84375,30755.375498427
158,34.25-118.4375,17586,-118.4375,34.25,10.0708,-1.5,-1.64,0.25,0.00390625,8.571,8.431,58583366.6757813,30755.3587772864
159,34.25-118.5,17407,-118.5,34.25,0,0,0,0.25,0.00390625,0,0,58583308.5,30755.3420560248
160,34.25-118.5625,17228,-118.5625,34.25,15.1425,-4.95,-4.69,0.25,0.00390625,10.192,10.453,58583212.2929688,30755.3186770508
161,34.25-118.625,17049,-118.625,34.25,20.7317,-2.52,-2.59,0.25,0.00390625,18.212,18.142,58583249.3203125,30755.3293203471
162,34.25-118.6875,16870,-118.6875,34.25,28.4667,3.56,3.57,0.1572772,0.0007260455,32.027,32.037,10889499.0507813,20385.4633504715
163,34.3125-117.6875,19735,-117.6875,34.3125,33.4867,6.99,4.98,0.19849,0.002290034,40.477,38.467,34369332.6523438,25029.6220330495
164,34.3125-117.75,19556,-117.75,34.3125,45.3733,12.74,12.91,0.25,0.00390625,58.113,58.283,58626274.2421875,30767.7043675049
165,34.3125-117.8125,19377,-117.8125,34.3125,41.88,10.73,10.25,0.25,0.00390625,52.61,52.13,58626718.5820313,30767.8091082057
166,34.3125-117.875,19198,-117.875,34.3125,41.8017,11.78,13.79,0.25,0.00390625,53.582,55.592,58626808.6523438,30767.8350425465
167,34.3125-117.9375,19019,-117.9375,34.3125,46.4142,14.83,15.99,0.25,0.00390625,61.244,62.404,58626899.5664063,30767.8611759909
168,34.3125-118,18840,-118,34.3125,46.1242,15.23,17.83,0.25,0.00390625,61.354,63.954,58626990.4765625,30767.8873095117
169,34.3125-118.0625,18661,-118.0625,34.3125,44.3525,13.71,16.55,0.25,0.00390625,58.063,60.903,58627066.2773438,30767.9096902329
170,34.3125-118.125,18482,-118.125,34.3125,38.5817,8.71,10.92,0.25,0.00390625,47.292,49.502,58627150.5,30767.9338996006
171,34.3125-118.1875,18303,-118.1875,34.3125,39.2217,9.24,12.33,0.25,0.00390625,48.462,51.552,58627234.7109375,30767.9581090149
172,34.3125-118.25,18124,-118.25,34.3125,37.88,7.94,12.79,0.25,0.00390625,45.82,50.67,58627319.765625,30767.9825172949
173,34.3125-118.3125,17945,-118.3125,34.3125,35.305,6.03,10.69,0.25,0.00390625,41.335,45.995,58627107.671875,30767.9328302098
174,34.3125-118.375,17766,-118.375,34.3125,27.93,4.16,5.15,0.25,0.00390625,32.09,33.08,58627049.421875,30767.9160842046
175,34.3125-118.4375,17587,-118.4375,34.3125,19.6092,4.1,3.23,0.25,0.00390625,23.709,22.839,58626991.15625,30767.8993382228
176,34.3125-118.5,17408,-118.5,34.3125,15.865,0.7,-0.13,0.25,0.00390625,16.565,15.735,58626932.90625,30767.8825922355
177,34.3125-118.5625,17229,-118.5625,34.3125,13.4733,-2.83,-3.19,0.25,0.00390625,10.643,10.283,58626854.2539063,30767.8633947128
178,34.3125-118.625,17050,-118.625,34.3125,20.9983,0.56,1.68,0.25,0.00390625,21.558,22.678,58626891.3242188,30767.8740538421
179,34.3125-118.6875,16871,-118.6875,34.3125,26.1033,1.85,0.77,0.206705,0.002330401,27.953,26.873,34977524.2578125,25821.0470747489
180,34.375-117.6875,19736,-117.6875,34.375,41.0408,9.46,9.34,0.1882315,0.001969434,50.501,50.381,29579753.78125,23900.2165005589
181,34.375-117.75,19557,-117.75,34.375,39.7667,8.41,8.43,0.25,0.00390625,48.177,48.197,58670118.6640625,30780.3039202897
182,34.375-117.8125,19378,-117.8125,34.375,42.2475,10.96,11.12,0.25,0.00390625,53.208,53.368,58670417.4648438,30780.3740591617
183,34.375-117.875,19199,-117.875,34.375,41.3083,8.62,7.56,0.25,0.00390625,49.928,48.868,58670507.6601563,30780.4000314912
184,34.375-117.9375,19020,-117.9375,34.375,39.8983,11.63,9.43,0.25,0.00390625,51.528,49.328,58670598.7109375,30780.4262038091
185,34.375-118,18841,-118,34.375,39.34,9.3,9.93,0.25,0.00390625,48.64,49.27,58670689.75,30780.4523762225
186,34.375-118.0625,18662,-118.0625,34.375,37.6042,8.62,8.63,0.25,0.00390625,46.224,46.234,58670790.7734375,30780.4807469718
187,34.375-118.125,18483,-118.125,34.375,37.02,5.79,5.73,0.25,0.00390625,42.81,42.75,58670875.1132813,30780.5049923869
188,34.375-118.1875,18304,-118.1875,34.375,35.9183,5.58,7.27,0.25,0.00390625,41.498,43.188,58670959.453125,30780.5292378676
189,34.375-118.25,18125,-118.25,34.375,36.7233,5.95,6.01,0.25,0.00390625,42.673,42.733,58671044.640625,30780.55368241
190,34.375-118.3125,17946,-118.3125,34.375,34.2808,7.66,7.9,0.25,0.00390625,41.941,42.181,58670868.0742188,30780.512461909
191,34.375-118.375,17767,-118.375,34.375,31.4717,7.53,5.77,0.25,0.00390625,39.002,37.242,58670809.7304688,30780.4956909374
192,34.375-118.4375,17588,-118.4375,34.375,18.9492,0.92,-0.36,0.25,0.00390625,19.869,18.589,58670751.3828125,30780.4789200041
193,34.375-118.5,17409,-118.5,34.375,15.8108,-3.99,-5.15,0.25,0.00390625,11.821,10.661,58670693.0429688,30780.4621491472
194,34.375-118.5625,17230,-118.5625,34.375,0,0,0,0.25,0.00390625,0,0,58670631.9765625,30780.4471330461
195,34.375-118.625,17051,-118.625,34.375,23.79,-9.22,-9.57,0.25,0.00390625,14.57,14.22,58670669.1054688,30780.4578080768
196,34.375-118.6875,16872,-118.6875,34.375,30.625,11.49,11.54,0.2424242,0.003807089,42.115,42.165,57181769.6367188,29896.0738047471
197,34.375-118.75,16693,-118.75,34.375,24.375,4.07,2.37,0.1105327,0.0004422311,28.445,26.745,6643537.55078125,14221.0703920057
198,34.4375-117.6875,19737,-117.6875,34.4375,29.5008,5.31,4.11,0.1813876,0.001735066,34.811,33.611,26079422.9960938,23154.1137654314
199,34.4375-117.75,19558,-117.75,34.4375,28.4225,4.78,3.64,0.25,0.00390625,33.203,32.063,58714096.8164063,30792.9418817301
200,34.4375-117.8125,19379,-117.8125,34.4375,29.0958,4.7,3.75,0.25,0.00390625,33.796,32.846,58714249.84375,30792.977418269
201,34.4375-117.875,19200,-117.875,34.4375,35.8,10.68,10.51,0.25,0.00390625,46.48,46.31,58714340.1796875,30793.0034292218
202,34.4375-117.9375,19021,-117.9375,34.4375,29.4375,10.15,7.48,0.25,0.00390625,39.588,36.918,58714431.359375,30793.0296405785
203,34.4375-118,18842,-118,34.4375,29.4692,4.85,5.01,0.25,0.00390625,34.319,34.479,58714522.5390625,30793.0558520455
204,34.4375-118.0625,18663,-118.0625,34.4375,29.1933,4.85,3.65,0.25,0.00390625,34.043,32.843,58714648.8203125,30793.0902129428
205,34.4375-118.125,18484,-118.125,34.4375,31.2525,9.81,8.74,0.25,0.00390625,41.063,39.993,58714733.2929688,30793.1144945957
206,34.4375-118.1875,18305,-118.1875,34.4375,44.3817,1.19,0.28,0.25,0.00390625,45.572,44.662,58714817.7578125,30793.1387762503
207,34.4375-118.25,18126,-118.25,34.4375,32.5692,8.23,5.56,0.25,0.00390625,40.799,38.129,58714903.0625,30793.1632571106
208,34.4375-118.3125,17947,-118.3125,34.4375,38.2958,16.09,13.13,0.25,0.00390625,54.386,51.426,58714762.0820313,30793.1305031874
209,34.4375-118.375,17768,-118.375,34.4375,39.6075,15.22,12.82,0.25,0.00390625,54.828,52.428,58714703.6523438,30793.1137072191
210,34.4375-118.4375,17589,-118.4375,34.4375,23.7992,6.37,5.64,0.25,0.00390625,30.169,29.439,58714645.2148438,30793.0969112756
211,34.4375-118.5,17410,-118.5,34.4375,29.6117,4.33,4.07,0.25,0.00390625,33.942,33.682,58714586.7851563,30793.0801155082
212,34.4375-118.5625,17231,-118.5625,34.4375,35.5233,-12.21,-12.19,0.25,0.00390625,23.313,23.333,58714543.3242188,30793.0692808102
213,34.4375-118.625,17052,-118.625,34.4375,32.5683,0.79,0.68,0.25,0.00390625,33.358,33.248,58714580.515625,30793.0799717939
214,34.4375-118.6875,16873,-118.6875,34.4375,28.785,7.78,8.27,0.25,0.00390625,36.565,37.055,58714617.7070313,30793.0906627354
215,34.4375-118.75,16694,-118.75,34.4375,28.97,3.66,1.69,0.2046623,0.002265198,32.63,30.66,34049850.3476563,25617.2451235783
216,34.5-117.6875,19738,-117.6875,34.5,15.2275,0.65,0.25,0.1794821,0.00167069,15.878,15.478,25130704.828125,22955.4247883358
217,34.5-117.75,19559,-117.75,34.5,14.6425,0.44,-0.78,0.25,0.00390625,15.083,13.863,58758643.5117188,30805.744506301
218,34.5-117.8125,19380,-117.8125,34.5,0,0,0,0.25,0.00390625,0,0,58758716.0703125,30805.7612675142
219,34.5-117.875,19201,-117.875,34.5,16.0267,2.77,1.34,0.25,0.00390625,18.797,17.367,58758720.640625,30805.7626250603
220,34.5-117.9375,19022,-117.9375,34.5,13.3733,4.48,2.06,0.25,0.00390625,17.853,15.433,58758726.0507813,30805.7641827607
221,34.5-118,18843,-118,34.5,12.9983,-1.36,-2.83,0.25,0.00390625,11.638,10.168,58758731.4726563,30805.7657404295
222,34.5-118.0625,18664,-118.0625,34.5,14.3442,-4.08,-4.98,0.25,0.00390625,10.264,9.364,58758771.9921875,30805.7754596205
223,34.5-118.125,18485,-118.125,34.5,18.76,-6.17,-7.7,0.25,0.00390625,12.59,11.06,58758771.4414063,30805.7753050662
224,34.5-118.1875,18306,-118.1875,34.5,22.0742,5.25,2.2,0.25,0.00390625,27.324,24.274,58758770.90625,30805.7751505001
225,34.5-118.25,18127,-118.25,34.5,19.915,3.12,1.37,0.25,0.00390625,23.035,21.285,58758771.2070313,30805.7751957208
226,34.5-118.3125,17948,-118.3125,34.5,23.5017,4.2,3.1,0.25,0.00390625,27.702,26.602,58758662.46875,30805.7494576507
227,34.5-118.375,17769,-118.375,34.5,29.0108,9.76,6.83,0.25,0.00390625,38.771,35.841,58758663.5,30805.749754202
228,34.5-118.4375,17590,-118.4375,34.5,29.9542,3.5,2.1,0.25,0.00390625,33.454,32.054,58758664.5273438,30805.7500507636
229,34.5-118.5,17411,-118.5,34.5,29.2217,1.29,1.83,0.25,0.00390625,30.512,31.052,58758665.5546875,30805.7503471217
230,34.5-118.5625,17232,-118.5625,34.5,32.0442,1.66,1.28,0.25,0.00390625,33.704,33.324,58758627.7695313,30805.741368537
231,34.5-118.625,17053,-118.625,34.5,32.5942,3.97,2.77,0.25,0.00390625,36.564,35.364,58758625.4921875,30805.7407170095
232,34.5-118.6875,16874,-118.6875,34.5,24.4225,0.48,-0.45,0.25,0.00390625,24.903,23.973,58758623.2304688,30805.740065443
233,34.5-118.75,16695,-118.75,34.5,29.3608,2.13,0.46,0.2416692,0.003786558,31.491,29.821,56958705.6757813,29832.7181402438
234,34.5-118.8125,16516,-118.8125,34.5,33.6825,2.31,0.91,0.1055575,0.0004039147,35.993,34.592,6077067.640625,13594.7378878043
235,34.5625-117.6875,19739,-117.6875,34.5625,8.9025,-0.01,-1.38,0.1658976,0.001278656,8.893,7.523,19248294.1171875,21456.1939771294
236,34.5625-117.75,19560,-117.75,34.5625,6.885,-0.05,-1.25,0.25,0.00390625,6.835,5.635,58802845.2382813,30818.4492142316
237,34.5625-117.8125,19381,-117.8125,34.5625,5.7275,0.29,-1.13,0.25,0.00390625,6.018,4.598,58802890.4375,30818.4594859282
238,34.5625-117.875,19202,-117.875,34.5625,0,0,0,0.25,0.00390625,0,0,58802895.0117188,30818.4608457919
239,34.5625-117.9375,19023,-117.9375,34.5625,0,0,0,0.25,0.00390625,0,0,58802900.4414063,30818.4624058434
240,34.5625-118,18844,-118,34.5625,4.3092,-0.07,-1.16,0.25,0.00390625,4.239,3.149,58802905.859375,30818.4639658396
241,34.5625-118.0625,18665,-118.0625,34.5625,0,0,0,0.25,0.00390625,0,0,58802920.4414063,30818.4675403504
242,34.5625-118.125,18486,-118.125,34.5625,4.3,-1.93,-2.57,0.25,0.00390625,2.37,1.73,58802919.8945313,30818.4673855721
243,34.5625-118.1875,18307,-118.1875,34.5625,6.8642,-2.9,-3.59,0.25,0.00390625,3.964,3.274,58802919.359375,30818.4672308188
244,34.5625-118.25,18128,-118.25,34.5625,19.3142,-0.23,-1.23,0.25,0.00390625,19.084,18.084,58802919.65625,30818.4672761005
245,34.5625-118.3125,17949,-118.3125,34.5625,16.6692,2.6,1.67,0.25,0.00390625,19.269,18.339,58802865.4101563,30818.4544517671
246,34.5625-118.375,17770,-118.375,34.5625,24.7417,2.8,1.48,0.25,0.00390625,27.542,26.222,58802866.4375,30818.4547487729
247,34.5625-118.4375,17591,-118.4375,34.5625,27.1208,2.38,0.89,0.25,0.00390625,29.501,28.011,58802867.4648438,30818.4550457671
248,34.5625-118.5,17412,-118.5,34.5625,27.635,2.49,0.35,0.25,0.00390625,30.125,27.985,58802868.4960938,30818.4553424731
249,34.5625-118.5625,17233,-118.5625,34.5625,28.4192,1.76,-0.03,0.25,0.00390625,30.179,28.389,58802804.390625,30818.4401406694
250,34.5625-118.625,17054,-118.625,34.5625,26.9617,0.37,1.17,0.25,0.00390625,27.332,28.132,58802802.1132813,30818.4394881589
251,34.5625-118.6875,16875,-118.6875,34.5625,27.1008,-0.99,-1.81,0.25,0.00390625,26.111,25.291,58802799.84375,30818.4388356276
252,34.5625-118.75,16696,-118.75,34.5625,28.75,-0.84,-2.55,0.25,0.00390625,27.91,26.2,58802798.4101563,30818.4383835607
253,34.5625-118.8125,16517,-118.8125,34.5625,32.7975,3.27,0.93,0.2030245,0.002212629,36.068,33.728,33309659.890625,25458.6016734469
254,34.625-117.6875,19740,-117.6875,34.625,7.0583,-0.52,-1.33,0.165912,0.001280655,6.538,5.728,19292911.921875,21470.5375541487
255,34.625-117.75,19561,-117.75,34.625,5.4533,0.02,-1.2,0.25,0.00390625,5.473,4.253,58847183.546875,30831.1931709808
256,34.625-117.8125,19382,-117.8125,34.625,4.1833,-0.03,-1.33,0.25,0.00390625,4.153,2.853,58847201.3398438,30831.1969531627
257,34.625-117.875,19203,-117.875,34.625,3.1,-0.21,-1.1,0.25,0.00390625,2.89,2,58847205.9296875,30831.1983153208
258,34.625-117.9375,19024,-117.9375,34.625,2.0358,-0.08,-0.55,0.25,0.00390625,1.956,1.486,58847211.3632813,30831.1998777276
259,34.625-118,18845,-118,34.625,0,0,0,0.25,0.00390625,0,0,58847216.7929688,30831.2014400791
260,34.625-118.0625,18666,-118.0625,34.625,3.4375,-0.24,-0.48,0.25,0.00390625,3.198,2.958,58847205.3867188,30831.1988698844
261,34.625-118.125,18487,-118.125,34.625,1.5217,-1.17,-1.18,0.25,0.00390625,0.352,0.342,58847204.8515625,30831.1987149133
262,34.625-118.1875,18308,-118.1875,34.625,1.9033,-0.52,-0.77,0.25,0.00390625,1.383,1.133,58847204.3046875,30831.1985599435
263,34.625-118.25,18129,-118.25,34.625,0,0,0,0.25,0.00390625,0,0,58847204.6132813,30831.1986051926
264,34.625-118.3125,17950,-118.3125,34.625,13.6408,3.26,3.16,0.25,0.00390625,16.901,16.801,58847204.9296875,30831.1986947063
265,34.625-118.375,17771,-118.375,34.625,17.6617,0.41,-0.52,0.25,0.00390625,18.072,17.142,58847205.9648438,30831.1989921675
266,34.625-118.4375,17592,-118.4375,34.625,24.5425,1.13,0.01,0.25,0.00390625,25.673,24.553,58847206.9921875,30831.1992896269
267,34.625-118.5,17413,-118.5,34.625,26.5567,2.73,1.17,0.25,0.00390625,29.287,27.727,58847208.03125,30831.1995866858
268,34.625-118.5625,17234,-118.5625,34.625,29.435,4.24,3.96,0.25,0.00390625,33.675,33.395,58847117.546875,30831.1781616283
269,34.625-118.625,17055,-118.625,34.625,29.6325,2.79,3.13,0.25,0.00390625,32.423,32.763,58847115.2773438,30831.177508132
270,34.625-118.6875,16876,-118.6875,34.625,27.5192,1.86,-0.22,0.25,0.00390625,29.379,27.299,58847112.9921875,30831.1768546195
271,34.625-118.75,16697,-118.75,34.625,27.8392,-0.35,-3.03,0.25,0.00390625,27.489,24.809,58847111.5703125,30831.1764014835
272,34.625-118.8125,16518,-118.8125,34.625,32.1358,0.54,-1.81,0.2410704,0.003768937,32.676,30.326,56779104.078125,29787.7041185724
273,34.625-118.875,16339,-118.875,34.625,37.68,3.02,1.65,0.1011178,0.0003689647,40.7,39.33,5559595.4375,13048.4806512792
274,34.6875-117.6875,19741,-117.6875,34.6875,7.1108,0.01,-0.84,0.1656849,0.001268903,7.121,6.271,19130318.1210938,21458.0289974321
275,34.6875-117.75,19562,-117.75,34.6875,4.2067,-0.2,-0.79,0.25,0.00390625,4.007,3.417,58891658.8515625,30843.9764956973
276,34.6875-117.8125,19383,-117.8125,34.6875,4.4442,-0.08,-0.78,0.25,0.00390625,4.364,3.664,58891649.2109375,30843.9737883578
277,34.6875-117.875,19204,-117.875,34.6875,3.3033,-0.79,-0.98,0.25,0.00390625,2.513,2.323,58891653.7929688,30843.9751528125
278,34.6875-117.9375,19025,-117.9375,34.6875,0,0,0,0.25,0.00390625,0,0,58891659.2382813,30843.9767175951
279,34.6875-118,18846,-118,34.6875,0,0,0,0.25,0.00390625,0,0,58891664.6796875,30843.9782823452
280,34.6875-118.0625,18667,-118.0625,34.6875,0,0,0,0.25,0.00390625,0,0,58891627.2578125,30843.9695674494
281,34.6875-118.125,18488,-118.125,34.6875,0,0,0,0.25,0.00390625,0,0,58891626.71875,30843.9694122637
282,34.6875-118.1875,18309,-118.1875,34.6875,0,0,0,0.25,0.00390625,0,0,58891626.1796875,30843.9692570811
283,34.6875-118.25,18130,-118.25,34.6875,0,0,0,0.25,0.00390625,0,0,58891626.4726563,30843.9693022161
284,34.6875-118.3125,17951,-118.3125,34.6875,0,0,0,0.25,0.00390625,0,0,58891681.4609375,30843.9823056532
285,34.6875-118.375,17772,-118.375,34.6875,10.9483,1.02,-0.33,0.25,0.00390625,11.968,10.618,58891682.484375,30843.9826035731
286,34.6875-118.4375,17593,-118.4375,34.6875,13.5892,-0.15,-2.23,0.25,0.00390625,13.439,11.359,58891683.5195313,30843.9829014749
287,34.6875-118.5,17414,-118.5,34.6875,17.4067,-0.11,-0.09,0.25,0.00390625,17.297,17.317,58891684.5585938,30843.9831988808
288,34.6875-118.5625,17235,-118.5625,34.6875,24.3142,2.45,1.56,0.25,0.00390625,26.764,25.874,58891567.6679688,30843.9555505759
289,34.6875-118.625,17056,-118.625,34.6875,23.6508,2.58,0.88,0.25,0.00390625,26.231,24.531,58891565.390625,30843.9548961008
290,34.6875-118.6875,16877,-118.6875,34.6875,22.5617,-0.4,-1.99,0.25,0.00390625,22.162,20.572,58891563.109375,30843.9542416077
291,34.6875-118.75,16698,-118.75,34.6875,22.9358,-0.34,-1.32,0.25,0.00390625,22.596,21.616,58891561.6796875,30843.9537873867
292,34.6875-118.8125,16519,-118.8125,34.6875,28.9542,0.72,-2.47,0.25,0.00390625,29.674,26.484,58891577.4375,30843.9554764197
293,34.6875-118.875,16340,-118.875,34.6875,33.1083,2.27,0.18,0.2000127,0.00212688,35.378,33.288,32067108.03125,25152.3644340831
294,34.75-117.6875,19742,-117.6875,34.75,5.8108,-0.58,-1.25,0.1653656,0.001262707,5.231,4.561,19051288.859375,21435.2910183749
295,34.75-117.75,19563,-117.75,34.75,4.7092,-0.31,-0.94,0.25,0.00390625,4.399,3.769,58936165.6640625,30856.7731404906
296,34.75-117.8125,19384,-117.8125,34.75,4.2608,-0.38,-1.35,0.25,0.00390625,3.881,2.911,58936209.3710938,30856.7830809081
297,34.75-117.875,19205,-117.875,34.75,4.1883,-0.48,-1.38,0.25,0.00390625,3.708,2.808,58936232.2382813,30856.7896970698
298,34.75-117.9375,19026,-117.9375,34.75,3.2908,-0.71,-1.38,0.25,0.00390625,2.581,1.911,58936255.9375,30856.7965134445
299,34.75-118,18847,-118,34.75,3.3783,-0.76,-1.12,0.25,0.00390625,2.618,2.258,58936279.6601563,30856.8033298113
300,34.75-118.0625,18668,-118.0625,34.75,3.0817,-0.68,-1.43,0.25,0.00390625,2.402,1.652,58936233.109375,30856.7926780229
301,34.75-118.125,18489,-118.125,34.75,2.5808,-0.44,-1.04,0.25,0.00390625,2.141,1.541,58936222.5117188,30856.7896320211
302,34.75-118.1875,18310,-118.1875,34.75,2.8325,-0.7,-0.98,0.25,0.00390625,2.133,1.853,58936211.90625,30856.7865860338
303,34.75-118.25,18131,-118.25,34.75,0,0,0,0.25,0.00390625,0,0,58936202.1601563,30856.7837403312
304,34.75-118.3125,17952,-118.3125,34.75,0,0,0,0.25,0.00390625,0,0,58936273.0195313,30856.8001733269
305,34.75-118.375,17773,-118.375,34.75,0,0,0,0.25,0.00390625,0,0,58936271.984375,30856.7998738422
306,34.75-118.4375,17594,-118.4375,34.75,0,0,0,0.25,0.00390625,0,0,58936270.9414063,30856.7995743365
307,34.75-118.5,17415,-118.5,34.75,9.64,-1.59,-1.67,0.25,0.00390625,8.05,7.97,58936269.8867188,30856.7992744272
308,34.75-118.5625,17236,-118.5625,34.75,12.8075,-0.08,-1.68,0.25,0.00390625,12.728,11.128,58936158.640625,30856.773085402
309,34.75-118.625,17057,-118.625,34.75,14.0667,-1,-1.78,0.25,0.00390625,13.067,12.287,58936162.6601563,30856.7742424582
310,34.75-118.6875,16878,-118.6875,34.75,17.8167,-0.66,-2.38,0.25,0.00390625,17.157,15.437,58936166.6757813,30856.7753994746
311,34.75-118.75,16699,-118.75,34.75,18.4758,-2.05,-4.38,0.25,0.00390625,16.426,14.096,58936171.5546875,30856.7767570342
312,34.75-118.8125,16520,-118.8125,34.75,20.805,-1.7,-3.91,0.25,0.00390625,19.105,16.895,58936214.8828125,30856.7885734325
313,34.75-118.875,16341,-118.875,34.75,27.0525,0.22,-3,0.2395698,0.003529034,27.272,24.053,53244749.8085938,29637.3271007586
314,34.75-118.9375,16162,-118.9375,34.75,30.985,0.03,-0.33,0.08645636,0.0002366189,31.015,30.655,3570790.2890625,11205.4335512959
315,34.8125-117.6875,19743,-117.6875,34.8125,5.2317,-0.54,-1.9,0.06033403,0.0002028137,4.692,3.332,3061329.140625,7207.50771468546
316,34.8125-117.75,19564,-117.75,34.8125,4.8817,-0.68,-1.23,0.1460001,0.0006589184,4.202,3.652,9945926.6171875,16762.5207236543
317,34.8125-117.8125,19385,-117.8125,34.8125,3.8275,-0.73,-1.78,0.1463079,0.0006697912,3.098,2.048,10110075.9023438,16804.2384598342
318,34.8125-117.875,19206,-117.875,34.8125,1.3608,-0.52,-0.98,0.145598,0.0006437996,0.841,0.381,9717727.859375,16708.0013400731
319,34.8125-117.9375,19027,-117.9375,34.8125,2.1483,-0.51,-1.31,0.1451492,0.0006283782,1.638,0.838,9484942.59765625,16647.0920319447
320,34.8125-118,18848,-118,34.8125,4.655,-1.25,-2.43,0.1450414,0.0006312242,3.405,2.225,9527907.4375,16632.5048239556
321,34.8125-118.0625,18669,-118.0625,34.8125,3.2242,-0.99,-1.93,0.1441747,0.0005987164,2.234,1.294,9037188.4296875,16515.0600312757
322,34.8125-118.125,18490,-118.125,34.8125,2.6558,-0.58,-1.17,0.1427356,0.0005531937,2.076,1.486,8350017.9140625,16319.9048332178
323,34.8125-118.1875,18311,-118.1875,34.8125,2.9892,-1.43,-1.63,0.141346,0.0005116045,1.559,1.359,7722229.08203125,16131.4585052686
324,34.8125-118.25,18132,-118.25,34.8125,2.6217,-0.67,-1.43,0.1404725,0.0004799756,1.952,1.192,7244794.72265625,16012.9366912364
325,34.8125-118.3125,17953,-118.3125,34.8125,0,0,0,0.1401135,0.0004752133,0,0,7172916.96875,15964.2768344343
326,34.8125-118.375,17774,-118.375,34.8125,0,0,0,0.1392742,0.0004394515,0,0,6633101.8828125,15850.6008287496
327,34.8125-118.4375,17595,-118.4375,34.8125,0,0,0,0.137997,0.0004066546,0,0,6138044.1640625,15677.3535193321
328,34.8125-118.5,17416,-118.5,34.8125,8.9175,-1.58,-2.35,0.1370091,0.0003695195,7.338,6.568,5577505.69921875,15543.3913810283
329,34.8125-118.5625,17237,-118.5625,34.8125,10.0358,-1.84,-2.28,0.1366062,0.000364658,8.196,7.756,5504115.0703125,15488.6484257922
330,34.8125-118.625,17058,-118.625,34.8125,12.7792,-2.65,-3.4,0.1365182,0.0003597681,10.129,9.379,5430305.38671875,15476.7263222492
331,34.8125-118.6875,16879,-118.6875,34.8125,16.4358,-1.53,-2.77,0.136267,0.0003521492,14.906,13.666,5315304.125,15442.6598862893
332,34.8125-118.75,16700,-118.75,34.8125,17.5342,-1.56,-0.55,0.1360902,0.0003468733,15.974,16.984,5235666.91796875,15418.6813828402
333,34.8125-118.8125,16521,-118.8125,34.8125,18,0.48,-0.95,0.1355842,0.0003339614,18.48,17.05,5040771.34765625,15350.1276700308
334,34.8125-118.875,16342,-118.875,34.8125,22.79,0.79,-0.9,0.09340789,0.000211179,23.58,21.89,3187506.28125,10648.9265332655
335,34.8125-118.9375,16163,-118.9375,34.8125,27.6483,0.78,0.63,0.03493691,5.67038e-05,28.428,28.278,855884.14453125,4120.8007653946
